1,144,test,test,test,test,1,2022-07-07,comment,1000,100000.00,Payment pending,Approval pending,2022-07-15 06:04:19,2022-07-15 06:04:19
2,143,Kshlerin and Sons,Heather Simon,+254 124 583535,736 Osvaldo Garden Suite 445 14662-9978 New Emmitt Minnesota,1,2022-07-05,comment,142,10000.00,Payed,Dispatched,2022-07-15 06:04:19,2022-07-15 06:04:19
3,142,Crist - Ernser,Casey Morgan,+254 759 408975,69575 Smith Wall Apt. 850 07712-5312 East Lionel Pennsylvania,1,2022-07-05,comment,141,10000.00,Payed,Dispatched,2022-07-15 06:04:19,2022-07-15 06:04:19
4,141,Welch,Eric Butler,+254 769 103873,56609 Vella Underpass Suite 34224148 Tamiachester Iowa,1,2022-07-05,comment,140,10000.00,Payed,Dispatched,2022-07-15 06:04:19,2022-07-15 06:04:19
5,140,Marks and Sons,Mary Hill,+254 786 844291,948 Martina Island Suite 193 21037-8137 West Rosa North Carolina,1,2022-07-05,comment,139,10000.00,Payed,Dispatched,2022-07-15 06:04:19,2022-07-15 06:04:19
6,139,Smith Inc,Rebecca Caldwell,+254 763 843460,27607 Ezra Parkways Apt. 92940760 Hammeschester Tennessee,1,2022-07-05,comment,138,10000.00,Payed,Dispatched,2022-07-15 06:04:19,2022-07-15 06:04:19
7,138,Little LLC,Melanie Gallegos,+254 120 831605,7446 Huel Spur Apt. 382 76072-9999 West Luigistad Ohio,1,2022-07-05,comment,137,10000.00,Payed,Dispatched,2022-07-15 06:04:19,2022-07-15 06:04:19
8,137,Von - Kuvalis,Lee Leonard,+254 764 183423,0751 Cullen Pines Suite 206 23613-2388 Laurystad Wisconsin,1,2022-07-05,comment,136,10000.00,Payed,Dispatched,2022-07-15 06:04:19,2022-07-15 06:04:19
9,136,Aufderhar - Hackett,Melanie Brown,+254 734 182232,43911 Laney Points Suite 04445506 New Francis Washington,1,2022-07-05,comment,135,10000.00,Payed,Dispatched,2022-07-15 06:04:19,2022-07-15 06:04:19
10,135,Barrows - Dach,Amy Carter,+254 717 927245,88562 Metz Islands Apt. 724 72138-5173 Kilbackfort Wisconsin,1,2022-07-05,comment,134,10000.00,Payed,Dispatched,2022-07-15 06:04:19,2022-07-15 06:04:19
11,134,Gerhold Inc,Michelle Richards,+254 106 272757,832 Lowe Wall Apt. 144 57681-5892 West Keeganchester California,1,2022-07-05,comment,133,10000.00,Payed,Dispatched,2022-07-15 06:04:19,2022-07-15 06:04:19
12,133,Bradtke and Sons,Jason Brooks,+254 102 680754,86765 Leannon Springs Suite 775 69706-2729 Lake Lindabury Vermont,1,2022-07-05,comment,132,10000.00,Payed,Dispatched,2022-07-15 06:04:19,2022-07-15 06:04:19
13,132,Powlowski and Sons,Katherine Schmidt,+254 111 753577,90314 Eldred Plaza Apt. 95754568 East Coleman New York,1,2022-07-05,comment,131,10000.00,Payed,Dispatched,2022-07-15 06:04:19,2022-07-15 06:04:19
14,131,Abshire - Cartwright,Robin Phillips,+254 115 542298,5842 Dach Village Suite 946 77308-7554 East Delilahborough Arkansas,1,2022-07-05,comment,130,10000.00,Payed,Dispatched,2022-07-15 06:04:19,2022-07-15 06:04:19
15,130,Corkery and Sons,Anthony Alvarez,+254 709 922193,88856 O'Conner Mount Suite 97752076 Morissetteborough Kansas,1,2022-07-05,comment,129,10000.00,Payed,Dispatched,2022-07-15 06:04:19,2022-07-15 06:04:19
16,129,Kemmer LLC,Christopher Gordon,+254 717 701560,531 Shanie Cape Suite 58432639 West Camila California,1,2022-07-05,comment,128,10000.00,Payed,Dispatched,2022-07-15 06:04:19,2022-07-15 06:04:19
17,128,D'Amore - Gutkowski,Amanda King,+254 783 613284,11963 Dameon Course Suite 27427832 Lake Fabian Montana,1,2022-07-05,comment,127,10000.00,Payed,Dispatched,2022-07-15 06:04:19,2022-07-15 06:04:19
18,127,Jast Inc,Debra Phillips,+254 718 617400,21610 Schoen Glens Apt. 553 40000-1624 Tessstad New Jersey,1,2022-07-05,comment,126,10000.00,Payed,Dispatched,2022-07-15 06:04:19,2022-07-15 06:04:19
19,126,Kohler,Heather Castaneda,+254 798 959114,79053 Jacobi Gardens Suite 52364176 West Deshawnland Pennsylvania,1,2022-07-05,comment,125,10000.00,Payed,Dispatched,2022-07-15 06:04:19,2022-07-15 06:04:19
20,125,Klocko - Wilkinson,Regina Wilson,+254 796 328582,232 Bayer Crossroad Apt. 215 21775-9251 Sabrinashire Florida,1,2022-07-05,comment,124,10000.00,Payed,Dispatched,2022-07-15 06:04:19,2022-07-15 06:04:19
21,124,Kuhic,David Johnson,+254 798 539252,4410 Goodwin Cove Apt. 55515776 North Makennaberg North Carolina,1,2022-07-05,comment,123,10000.00,Payed,Dispatched,2022-07-15 06:04:19,2022-07-15 06:04:19
22,123,Sauer Group,Kaitlyn Trevino,+254 720 438147,387 Alden Square Suite 014 59710-6008 Gottliebton Wyoming,1,2022-07-05,comment,122,10000.00,Payed,Dispatched,2022-07-15 06:04:19,2022-07-15 06:04:19
23,122,Boyer - Simonis,Tracy David,+254 716 837038,037 Klein Harbors Apt. 125 45961-9778 Robertstown North Carolina,1,2022-07-05,comment,121,10000.00,Payed,Dispatched,2022-07-15 06:04:19,2022-07-15 06:04:19
24,121,Fay Inc,Marcus Smith,+254 703 335178,9897 Treutel Prairie Apt. 523 08746-5277 New Alana New Mexico,1,2022-07-05,comment,120,10000.00,Payed,Dispatched,2022-07-15 06:04:19,2022-07-15 06:04:19
25,120,Nitzsche,Lori Burton,+254 103 938027,200 Trinity Cove Apt. 82923368 Charityfort Colorado,1,2022-07-05,comment,119,10000.00,Payed,Dispatched,2022-07-15 06:04:19,2022-07-15 06:04:19
26,119,Littel - Greenholt,Courtney Chapman,+254 792 222826,40531 Hoeger Ford Suite 804 66381-3394 Port Dylanborough North Carolina,1,2022-07-05,comment,118,10000.00,Payed,Dispatched,2022-07-15 06:04:19,2022-07-15 06:04:19
27,118,Yundt and Sons,Lauren Carson,+254 746 793703,34152 Metz Manor Suite 49471426 Lake Albinmouth New Jersey,1,2022-07-05,comment,117,10000.00,Payed,Dispatched,2022-07-15 06:04:19,2022-07-15 06:04:19
28,117,Bayer,Matthew Mendoza,+254 124 522002,17679 Hagenes Crest Suite 77577955 Casperside West Virginia,1,2022-07-05,comment,116,10000.00,Payed,Dispatched,2022-07-15 06:04:19,2022-07-15 06:04:19
29,116,Pouros - Casper,Rodney Lewis,+254 788 637016,45152 Jocelyn Grove Suite 73362298 North Jacey Pennsylvania,1,2022-07-05,comment,115,10000.00,Payed,Dispatched,2022-07-15 06:04:19,2022-07-15 06:04:19
30,115,Langosh Inc,Devin Pollard,+254 757 799131,3366 Runolfsdottir Junction Suite 638 71426-4875 New Boris Indiana,1,2022-07-05,comment,114,10000.00,Payed,Dispatched,2022-07-15 06:04:19,2022-07-15 06:04:19
31,114,Morissette Inc,John Hopkins,+254 120 121294,467 Bechtelar Pine Apt. 239 85492-8000 Grimesfurt Oklahoma,1,2022-07-05,comment,113,10000.00,Payed,Dispatched,2022-07-15 06:04:19,2022-07-15 06:04:19
32,113,Hoeger,Thomas Smith,+254 741 890347,873 Katheryn Canyon Suite 494 18525-1684 South Branditon Tennessee,1,2022-07-05,comment,112,10000.00,Payed,Dispatched,2022-07-15 06:04:19,2022-07-15 06:04:19
33,112,Collier Group,Heidi Harvey,+254 124 322410,18106 Collier Inlet Suite 1172604 Hudsonhaven Pennsylvania,1,2022-07-05,comment,111,10000.00,Payed,Dispatched,2022-07-15 06:04:19,2022-07-15 06:04:19
34,111,Dibbert - Schinner,Edward Castro,+254 785 972301,72160 Donnie Trail Suite 185 44208-1551 Reubenstad Idaho,1,2022-07-05,comment,110,10000.00,Payed,Dispatched,2022-07-15 06:04:19,2022-07-15 06:04:19
35,110,Feeney,Mrs. Wendy Morgan,+254 798 216840,6501 Rutherford Extension Suite 97382912 Haneville Alabama,1,2022-07-05,comment,109,10000.00,Payed,Dispatched,2022-07-15 06:04:19,2022-07-15 06:04:19
36,109,Lang,Kevin Davis,+254 106 831308,11233 Parker Islands Apt. 464 27063-5082 Solonchester Washington,1,2022-07-05,comment,108,10000.00,Payed,Dispatched,2022-07-15 06:04:19,2022-07-15 06:04:19
37,108,Sawayn Inc,Tyler Reyes DVM,+254 106 922541,6642 Kub Stravenue Apt. 036 38181-9084 New Adelia Utah,1,2022-07-05,comment,107,10000.00,Payed,Dispatched,2022-07-15 06:04:19,2022-07-15 06:04:19
38,107,Hirthe - Frami,Joanne Mclean,+254 764 872162,384 Sam Divide Apt. 741 28853-2105 McKenzieland Kentucky,1,2022-07-05,comment,106,10000.00,Payed,Dispatched,2022-07-15 06:04:19,2022-07-15 06:04:19
39,106,Durgan Inc,Tyler Johnson,+254 703 048093,73397 Schinner Corners Apt. 0507514 East Lanemouth West Virginia,1,2022-07-05,comment,105,10000.00,Payed,Dispatched,2022-07-15 06:04:19,2022-07-15 06:04:19
40,105,Heidenreich,Mike Jenkins,+254 762 700262,5762 Schimmel Radial Suite 621 47968-1864 Pollichfurt North Carolina,1,2022-07-05,comment,104,10000.00,Payed,Dispatched,2022-07-15 06:04:19,2022-07-15 06:04:19
41,104,Bednar,Lisa Aguilar,+254 102 677329,407 Reagan Ports Suite 32163600 New Jada Kansas,1,2022-07-05,comment,103,10000.00,Payed,Dispatched,2022-07-15 06:04:19,2022-07-15 06:04:19
42,103,Wintheiser,Kelly Santiago,+254 110 342791,57528 Nolan Isle Apt. 010 51487-1339 McKenzieborough Iowa,1,2022-07-05,comment,102,10000.00,Payed,Dispatched,2022-07-15 06:04:19,2022-07-15 06:04:19
43,102,Braun Inc,Mr. Mario Lee DDS,+254 754 810816,82818 Langworth Viaduct Apt. 723 46896-2998 Port Sabrynaside North Dakota,1,2022-07-05,comment,101,10000.00,Payed,Dispatched,2022-07-15 06:04:19,2022-07-15 06:04:19
44,101,Yundt - Medhurst,Megan Green,+254 124 874025,5612 Lowe Passage Suite 615 68014-6169 Aliyahbury Colorado,1,2022-07-05,comment,100,10000.00,Payed,Dispatched,2022-07-15 06:04:19,2022-07-15 06:04:19
45,100,Hessel - Thiel,Diane Lucas,+254 777 646368,3192 Jacey Brooks Suite 73943875 East Mireilleberg Alabama,1,2022-07-05,comment,99,10000.00,Payed,Dispatched,2022-07-15 06:04:19,2022-07-15 06:04:19
46,99,Reynolds,Crystal Bell,+254 784 404098,8010 Adrien Stravenue Suite 55878064 West Natashaburgh Arkansas,1,2022-07-05,comment,98,10000.00,Payed,Dispatched,2022-07-15 06:04:19,2022-07-15 06:04:19
47,98,Gerhold Group,Bradley Montgomery,+254 733 423164,2328 Fleta Pike Suite 726 32858-6612 Metzmouth North Dakota,1,2022-07-05,comment,97,10000.00,Payed,Dispatched,2022-07-15 06:04:19,2022-07-15 06:04:19
48,97,Murray,Veronica Taylor,+254 704 337732,1179 Hilpert Valleys Suite 198 42719-1524 New Melyssamouth Alaska,1,2022-07-05,comment,96,10000.00,Payed,Dispatched,2022-07-15 06:04:19,2022-07-15 06:04:19
49,96,Gulgowski Group,Jason Hayes,+254 720 037804,45582 Zetta Hollow Suite 32038262 East Abnerhaven North Carolina,1,2022-07-05,comment,95,10000.00,Payed,Dispatched,2022-07-15 06:04:19,2022-07-15 06:04:19
50,95,Fritsch,Benjamin Romero,+254 715 978507,120 Garnet Point Apt. 81222392 Aprilchester New Jersey,1,2022-07-05,comment,94,10000.00,Payed,Dispatched,2022-07-15 06:04:19,2022-07-15 06:04:19
51,94,Schroeder Inc,Brenda Jackson,+254 124 640261,54285 Heaney Alley Apt. 798 76665-0548 Chesterview Connecticut,1,2022-07-05,comment,93,10000.00,Payed,Dispatched,2022-07-15 06:04:19,2022-07-15 06:04:19
52,93,Wisozk and Sons,Joseph Nielsen,+254 797 960633,85396 Armstrong Parks Suite 01398179 Port Brett Delaware,1,2022-07-05,comment,92,10000.00,Payed,Dispatched,2022-07-15 06:04:19,2022-07-15 06:04:19
53,92,Johnston Group,Sandra Nguyen,+254 744 488814,0585 Denesik Walk Suite 84312264 Gorczanyburgh Texas,1,2022-07-05,comment,91,10000.00,Payed,Dispatched,2022-07-15 06:04:19,2022-07-15 06:04:19
54,91,Schaefer - Leffler,Hailey Taylor,+254 124 229143,445 Mellie Club Suite 60161870 North Alayna North Dakota,1,2022-07-05,comment,90,10000.00,Payed,Dispatched,2022-07-15 06:04:19,2022-07-15 06:04:19
55,90,Mohr - Walker,Philip Guerrero,+254 121 029959,8015 Gleichner Street Suite 351 57803-1902 West Ursulastad Hawaii,1,2022-07-05,comment,89,10000.00,Payed,Dispatched,2022-07-15 06:04:19,2022-07-15 06:04:19
56,89,Bode,Daniel Mendoza,+254 729 662206,3684 Mueller Throughway Suite 135 55480-6153 Carlifort West Virginia,1,2022-07-05,comment,88,10000.00,Payed,Dispatched,2022-07-15 06:04:19,2022-07-15 06:04:19
57,88,Kertzmann,Mark Fletcher,+254 717 134748,6066 Macejkovic Summit Apt. 57087448 Lake Felipa Wisconsin,1,2022-07-05,comment,87,10000.00,Payed,Dispatched,2022-07-15 06:04:19,2022-07-15 06:04:19
58,87,Lindgren LLC,Terry Marshall,+254 764 199929,67865 Lydia Plaza Suite 845 03545-7923 Heaneyland Utah,1,2022-07-05,comment,86,10000.00,Payed,Dispatched,2022-07-15 06:04:19,2022-07-15 06:04:19
59,86,Beer,Dennis Dunn,+254 775 034936,7737 Lang Mission Suite 45396105 South Jermey Utah,1,2022-07-05,comment,85,10000.00,Payed,Dispatched,2022-07-15 06:04:19,2022-07-15 06:04:19
60,85,Reichert Inc,Melody Pratt,+254 112 562987,119 Karelle Knolls Suite 372 13208-3325 Larkinhaven Kentucky,1,2022-07-05,comment,84,10000.00,Payed,Dispatched,2022-07-15 06:04:19,2022-07-15 06:04:19
61,84,Klocko,Justin Alvarado,+254 758 153223,2745 Christiansen Flat Apt. 40376996 O'Reillyhaven Virginia,1,2022-07-05,comment,83,10000.00,Payed,Dispatched,2022-07-15 06:04:19,2022-07-15 06:04:19
62,83,Satterfield - Wilderman,Christina Jackson,+254 779 802877,40063 Karine Summit Suite 22693487 North Annalise Massachusetts,1,2022-07-05,comment,82,10000.00,Payed,Dispatched,2022-07-15 06:04:19,2022-07-15 06:04:19
63,82,Schamberger,Cynthia Colon,+254 708 181759,460 Maynard Street Suite 23955217 East Zackaryton Iowa,1,2022-07-05,comment,81,10000.00,Payed,Dispatched,2022-07-15 06:04:19,2022-07-15 06:04:19
64,81,Kris Group,Wayne Tucker,+254 113 632704,87103 Runolfsdottir Spring Apt. 85030729 Mayerland Minnesota,1,2022-07-05,comment,80,10000.00,Payed,Dispatched,2022-07-15 06:04:19,2022-07-15 06:04:19
65,80,Aufderhar - Daniel,Patricia Rodriguez,+254 742 611228,0401 Helena Knoll Apt. 50128633 West Kylemouth Illinois,1,2022-07-05,comment,79,10000.00,Payed,Dispatched,2022-07-15 06:04:19,2022-07-15 06:04:19
66,79,Wolf and Sons,Rebecca Nelson PhD,+254 106 289066,87179 Eloise Squares Suite 766 44755-3389 West Leifbury Mississippi,1,2022-07-05,comment,78,10000.00,Payed,Dispatched,2022-07-15 06:04:19,2022-07-15 06:04:19
67,78,Block - Grimes,Scott Mills,+254 104 901553,8719 Nicolas Club Suite 548 20253-1474 East Mack Arizona,1,2022-07-05,comment,77,10000.00,Payed,Dispatched,2022-07-15 06:04:19,2022-07-15 06:04:19
68,77,Quitzon Group,Jamie Hill,+254 104 718692,2635 Bahringer Overpass Apt. 72758689 West Jayda Tennessee,1,2022-07-05,comment,76,10000.00,Payed,Dispatched,2022-07-15 06:04:19,2022-07-15 06:04:19
69,76,Brekke LLC,Kenneth Curtis,+254 799 943946,836 Muller Vista Suite 310 56954-0794 New Christelleland Pennsylvania,1,2022-07-05,comment,75,10000.00,Payed,Dispatched,2022-07-15 06:04:19,2022-07-15 06:04:19
70,75,Gleichner - Treutel,Nancy Johnson,+254 785 223360,124 Doyle Street Apt. 883 43835-5484 Wolfmouth Mississippi,1,2022-07-05,comment,74,10000.00,Payed,Dispatched,2022-07-15 06:04:19,2022-07-15 06:04:19
71,74,West,Roberta Rivas,+254 768 117230,89987 Geovany Springs Suite 6643841 Hillaryburgh Idaho,1,2022-07-05,comment,73,10000.00,Payed,Dispatched,2022-07-15 06:04:19,2022-07-15 06:04:19
72,73,Jones,Adam Montes,+254 703 417644,49681 Stracke Walks Apt. 72353201 Earnestineview Tennessee,1,2022-07-05,comment,72,10000.00,Payed,Dispatched,2022-07-15 06:04:19,2022-07-15 06:04:19
73,72,Hammes - Labadie,William Mccarthy,+254 110 331389,2844 Upton Hill Suite 18520929 North Shanon Nevada,1,2022-07-05,comment,71,10000.00,Payed,Dispatched,2022-07-15 06:04:19,2022-07-15 06:04:19
74,71,Thiel - Kohler,Thomas Warner,+254 780 204470,338 Rohan Plaza Apt. 686 65990-0674 Larkinfort Colorado,1,2022-07-05,comment,70,10000.00,Payed,Dispatched,2022-07-15 06:04:19,2022-07-15 06:04:19
75,70,Stanton - Auer,Elijah Zimmerman,+254 727 164439,936 Langosh Heights Suite 38393364 Pacochaburgh Iowa,1,2022-07-05,comment,69,10000.00,Payed,Dispatched,2022-07-15 06:04:19,2022-07-15 06:04:19
76,69,Brekke,Joseph Stokes,+254 720 300078,5843 Bryon Valleys Apt. 457 77841-1622 West Marlee Texas,1,2022-07-05,comment,68,10000.00,Payed,Dispatched,2022-07-15 06:04:19,2022-07-15 06:04:19
77,68,Feil - Erdman,Christopher Lawrence,+254 771 212013,4577 Adah Locks Apt. 26067478 East Aglaeland Rhode Island,1,2022-07-05,comment,67,10000.00,Payed,Dispatched,2022-07-15 06:04:19,2022-07-15 06:04:19
78,67,Rutherford,Miss Lisa Pena,+254 100 255042,84714 Weber Vista Apt. 29170637 Carterfort Florida,1,2022-07-05,comment,66,10000.00,Payed,Dispatched,2022-07-15 06:04:19,2022-07-15 06:04:19
79,66,Bednar,Kenneth Neal,+254 717 913010,370 Koch Points Apt. 72764215 Antoniaville Utah,1,2022-07-05,comment,65,10000.00,Payed,Dispatched,2022-07-15 06:04:19,2022-07-15 06:04:19
80,65,Bahringer LLC,John Roberts,+254 124 777974,5390 Leonora Prairie Apt. 878 69006-4421 Lake Bennettstad West Virginia,1,2022-07-05,comment,64,10000.00,Payed,Dispatched,2022-07-15 06:04:19,2022-07-15 06:04:19
81,64,Kuhic,Brandi Andrews,+254 106 511764,1842 Triston Stream Suite 362 73819-9729 West Amiechester Florida,1,2022-07-05,comment,63,10000.00,Payed,Dispatched,2022-07-15 06:04:19,2022-07-15 06:04:19
82,63,Rolfson,Alyssa Bright,+254 715 899285,7597 Deckow Burgs Suite 1962982 Augustbury Maryland,1,2022-07-05,comment,62,10000.00,Payed,Dispatched,2022-07-15 06:04:19,2022-07-15 06:04:19
83,62,Yundt - Koelpin,Daniel Mccoy,+254 728 364615,86469 Howe Junction Apt. 892 68242-0592 Harryland West Virginia,1,2022-07-05,comment,61,10000.00,Payed,Dispatched,2022-07-15 06:04:19,2022-07-15 06:04:19
84,61,Herman and Sons,John Greer,+254 724 581174,0457 Crona Track Apt. 86691441 North Billie Rhode Island,1,2022-07-05,comment,60,10000.00,Payed,Dispatched,2022-07-15 06:04:19,2022-07-15 06:04:19
85,60,Koch LLC,John Herring,+254 774 728452,54917 Dalton Throughway Suite 90095725 North Vergiebury South Dakota,1,2022-07-05,comment,59,10000.00,Payed,Dispatched,2022-07-15 06:04:19,2022-07-15 06:04:19
86,59,Barrows - Hettinger,Daniel Smith,+254 763 554885,6308 Pfannerstill Ramp Suite 271 63531-1449 South Mitchellstad West Virginia,1,2022-07-05,comment,58,10000.00,Payed,Dispatched,2022-07-15 06:04:19,2022-07-15 06:04:19
87,58,Schulist,Michael Webb,+254 777 809645,94700 Virginia Parkways Suite 75966357 New Linnieshire Alabama,1,2022-07-05,comment,57,10000.00,Payed,Dispatched,2022-07-15 06:04:19,2022-07-15 06:04:19
88,57,Beatty - Kuhn,Elaine Diaz,+254 110 395800,682 Rowe Plain Apt. 78789655 Cronaside Colorado,1,2022-07-05,comment,56,10000.00,Payed,Dispatched,2022-07-15 06:04:19,2022-07-15 06:04:19
89,56,Cummings Inc,Alexa Adams PhD,+254 103 182708,5205 Schultz Fork Apt. 168507 Nolanmouth Idaho,1,2022-07-05,comment,55,10000.00,Payed,Dispatched,2022-07-15 06:04:19,2022-07-15 06:04:19
90,55,Koepp - O'Hara,Kathryn Fowler,+254 121 678407,2534 Myrna Spurs Suite 807 38136-4573 Casperchester Washington,1,2022-07-05,comment,54,10000.00,Payed,Dispatched,2022-07-15 06:04:19,2022-07-15 06:04:19
91,54,Hirthe - Hermann,Timothy Ochoa,+254 741 182581,047 Bradtke Valleys Suite 933 21842-1604 Deltaburgh Hawaii,1,2022-07-05,comment,53,10000.00,Payed,Dispatched,2022-07-15 06:04:19,2022-07-15 06:04:19
92,53,Torp - Ryan,Steven Boyer,+254 120 980910,64446 Lockman Island Suite 76325241 East Rylee Utah,1,2022-07-05,comment,52,10000.00,Payed,Dispatched,2022-07-15 06:04:19,2022-07-15 06:04:19
93,52,Mills Group,Cody Lewis,+254 106 983284,96264 Hermann Circles Apt. 437 37191-3390 Lake Randalview South Carolina,1,2022-07-05,comment,51,10000.00,Payed,Dispatched,2022-07-15 06:04:19,2022-07-15 06:04:19
94,51,Becker,Daniel Zimmerman,+254 765 087628,400 Gayle Roads Apt. 802 24754-8911 East Mabelshire California,1,2022-07-05,comment,50,10000.00,Payed,Dispatched,2022-07-15 06:04:19,2022-07-15 06:04:19
95,50,Ankunding and Sons,Joshua Noble,+254 797 968793,8966 Weimann Neck Apt. 224 21218-1127 Baileychester Massachusetts,1,2022-07-05,comment,49,10000.00,Payed,Dispatched,2022-07-15 06:04:19,2022-07-15 06:04:19
96,49,MacGyver,Cindy Henderson,+254 783 517826,5953 Loma Tunnel Apt. 08717230 Rosalynfort Idaho,1,2022-07-05,comment,48,10000.00,Payed,Dispatched,2022-07-15 06:04:19,2022-07-15 06:04:19
97,48,Gibson,Carla Williams,+254 124 331474,9165 Jerde Groves Suite 682 67633-3672 Yoshikoland Oklahoma,1,2022-07-05,comment,47,10000.00,Payed,Dispatched,2022-07-15 06:04:19,2022-07-15 06:04:19
98,47,Howell Group,Mr. Mark Pollard DDS,+254 789 135401,09094 Anthony Mountains Apt. 100 08633-6208 East Cletusview North Dakota,1,2022-07-05,comment,46,10000.00,Payed,Dispatched,2022-07-15 06:04:19,2022-07-15 06:04:19
99,46,Jacobs,Sandra Williams,+254 113 828594,872 Sporer Mountain Apt. 912 19105-8130 Tyshawnshire South Dakota,1,2022-07-05,comment,45,10000.00,Payed,Dispatched,2022-07-15 06:04:19,2022-07-15 06:04:19
100,45,Bahringer Inc,Brendan Schwartz,+254 712 386018,9314 Donnelly Key Suite 05384534 Cormiershire North Dakota,1,2022-07-05,comment,44,10000.00,Payed,Dispatched,2022-07-15 06:04:19,2022-07-15 06:04:19
101,44,Wisozk Inc,Angela Long,+254 744 090360,1785 Fadel Drive Suite 87129764 Christopherview North Dakota,1,2022-07-05,comment,43,10000.00,Payed,Dispatched,2022-07-15 06:04:19,2022-07-15 06:04:19
102,43,Stamm,Kimberly Scott,+254 121 617143,39077 Parisian Plains Suite 23347238 Connellyport Louisiana,1,2022-07-05,comment,42,10000.00,Payed,Dispatched,2022-07-15 06:04:19,2022-07-15 06:04:19
103,42,Borer,Sean Quinn,+254 740 513646,15590 Hassan Fork Apt. 108 48296-9814 Port Adeliafurt Ohio,1,2022-07-05,comment,41,10000.00,Payed,Dispatched,2022-07-15 06:04:19,2022-07-15 06:04:19
104,41,Frami - O'Reilly,April Wall,+254 702 949718,440 Beer Knoll Apt. 676 82141-3231 Julianatown Alaska,1,2022-07-05,comment,40,10000.00,Payed,Dispatched,2022-07-15 06:04:19,2022-07-15 06:04:19
105,40,Marquardt,Cody Hernandez,+254 715 145888,356 Senger Hills Suite 996 94632-9624 Port Oda North Dakota,1,2022-07-05,comment,39,10000.00,Payed,Dispatched,2022-07-15 06:04:19,2022-07-15 06:04:19
106,39,Kub - Baumbach,Zachary Thomas,+254 773 531170,04078 Graham Forks Apt. 634 68645-3639 Port Stanleyland Colorado,1,2022-07-05,comment,38,10000.00,Payed,Dispatched,2022-07-15 06:04:19,2022-07-15 06:04:19
107,38,Lubowitz and Sons,Austin Wilson,+254 723 658018,90313 Abernathy Green Suite 14875228 South Berthahaven Hawaii,1,2022-07-05,comment,37,10000.00,Payed,Dispatched,2022-07-15 06:04:19,2022-07-15 06:04:19
108,37,Haag Inc,Matthew Garcia,+254 121 378891,5645 Goyette Hills Apt. 28523769 Keyshawnshire South Carolina,1,2022-07-05,comment,36,10000.00,Payed,Dispatched,2022-07-15 06:04:19,2022-07-15 06:04:19
109,36,Willms,Michael Stewart,+254 114 883557,21926 Matteo Coves Suite 28845113 East Vaughnstad Washington,1,2022-07-05,comment,35,10000.00,Payed,Dispatched,2022-07-15 06:04:19,2022-07-15 06:04:19
110,35,Mayer - Dooley,Amber Collins,+254 711 118463,609 Heloise Extension Apt. 08029828 Tyreeland Oregon,1,2022-07-05,comment,34,10000.00,Payed,Dispatched,2022-07-15 06:04:19,2022-07-15 06:04:19
111,34,Stroman,Michael Lee,+254 121 788999,815 Tess Corners Apt. 73619602 Lake Marianhaven North Carolina,1,2022-07-05,comment,33,10000.00,Payed,Dispatched,2022-07-15 06:04:19,2022-07-15 06:04:19
112,33,Abshire Group,Ryan Bentley,+254 780 042538,8104 Cormier Causeway Suite 552 87079-0872 Colliermouth Vermont,1,2022-07-05,comment,32,10000.00,Payed,Dispatched,2022-07-15 06:04:19,2022-07-15 06:04:19
113,32,Goldner,Christopher Sanchez,+254 114 391181,761 Mann Grove Apt. 06731387 West Jovanville Virginia,1,2022-07-05,comment,31,10000.00,Payed,Dispatched,2022-07-15 06:04:19,2022-07-15 06:04:19
114,31,Mueller,Jack Nelson,+254 772 213758,0172 Romaguera Falls Apt. 523 52172-3474 New Skye Colorado,1,2022-07-05,comment,30,10000.00,Payed,Dispatched,2022-07-15 06:04:19,2022-07-15 06:04:19
115,30,Little - Considine,Larry Perry,+254 735 309971,331 Lou Plaza Suite 096 20425-2520 Windlerville Rhode Island,1,2022-07-05,comment,29,10000.00,Payed,Dispatched,2022-07-15 06:04:19,2022-07-15 06:04:19
116,29,Cartwright,Joseph Thornton,+254 779 021454,1501 Desiree Creek Apt. 911 44784-6418 Angieburgh Maine,1,2022-07-05,comment,28,10000.00,Payed,Dispatched,2022-07-15 06:04:19,2022-07-15 06:04:19
117,28,Feeney - Witting,Brandon Washington,+254 729 161174,65051 Deckow Place Suite 255 69532-4139 Heaneyborough South Carolina,1,2022-07-05,comment,27,10000.00,Payed,Dispatched,2022-07-15 06:04:19,2022-07-15 06:04:19
118,27,McCullough,Janet Mcdowell,+254 104 606798,116 Jenifer Row Apt. 39220549 Lake Abnerside Nevada,1,2022-07-05,comment,26,10000.00,Payed,Dispatched,2022-07-15 06:04:19,2022-07-15 06:04:19
119,26,Rau,Shawn Nguyen,+254 712 801574,74672 Earline Mount Apt. 96269331 Antwonburgh Ohio,1,2022-07-05,comment,25,10000.00,Payed,Dispatched,2022-07-15 06:04:19,2022-07-15 06:04:19
120,25,Bruen,Sarah Bailey,+254 113 009300,7955 Oberbrunner Ramp Apt. 313 31120-4196 East Andreannebury New Hampshire,1,2022-07-05,comment,24,10000.00,Payed,Dispatched,2022-07-15 06:04:19,2022-07-15 06:04:19
121,24,Vandervort,Mr. Andrew Ortiz PhD,+254 776 326146,534 Brian Dale Apt. 516 53020-5923 South Chelsey South Carolina,1,2022-07-05,comment,23,10000.00,Payed,Dispatched,2022-07-15 06:04:19,2022-07-15 06:04:19
122,23,Kilback Inc,Shannon Benson,+254 121 253469,1665 Zane Radial Suite 081 90485-0643 Nikolasstad Maine,1,2022-07-05,comment,22,10000.00,Payed,Dispatched,2022-07-15 06:04:19,2022-07-15 06:04:19
123,22,Denesik,Ariana Valdez,+254 733 542898,2696 Ullrich Junction Suite 304 65024-9761 Tiffanyville New Jersey,1,2022-07-05,comment,21,10000.00,Payed,Dispatched,2022-07-15 06:04:19,2022-07-15 06:04:19
124,21,Daugherty,Samantha Martinez,+254 745 807995,7443 Willms Neck Apt. 65893873 Clarktown Indiana,1,2022-07-05,comment,20,10000.00,Payed,Dispatched,2022-07-15 06:04:19,2022-07-15 06:04:19
125,20,Corkery,Tabitha Miller,+254 106 053520,624 Langosh River Apt. 7494579 Hauckfurt Wyoming,1,2022-07-05,comment,19,10000.00,Payed,Dispatched,2022-07-15 06:04:19,2022-07-15 06:04:19
126,19,Lehner,Linda Webb,+254 112 259076,3290 Hobart Mission Suite 250 92649-9322 West Nina Oregon,1,2022-07-05,comment,18,10000.00,Payed,Dispatched,2022-07-15 06:04:19,2022-07-15 06:04:19
127,18,Bayer and Sons,Diane Wong,+254 112 884818,29399 Hoeger Course Suite 303 99872-0554 New Elishahaven Mississippi,1,2022-07-05,comment,17,10000.00,Payed,Dispatched,2022-07-15 06:04:19,2022-07-15 06:04:19
128,17,Zemlak Group,Todd Lin,+254 110 580048,523 Althea Pines Suite 23987080 East Trinitychester Michigan,1,2022-07-05,comment,16,10000.00,Payed,Dispatched,2022-07-15 06:04:19,2022-07-15 06:04:19
129,16,Wintheiser,Julie Avila,+254 112 887039,4719 Alivia Valleys Apt. 10225642 East Johnnyton South Carolina,1,2022-07-05,comment,15,10000.00,Payed,Dispatched,2022-07-15 06:04:19,2022-07-15 06:04:19
130,15,Dicki - Swaniawski,Kimberly Page,+254 100 976611,2755 Green Island Apt. 067 58024-3316 Murphyfort Oklahoma,1,2022-07-05,comment,14,10000.00,Payed,Dispatched,2022-07-15 06:04:19,2022-07-15 06:04:19
131,14,Collier Inc,Larry Lewis,+254 762 808397,66367 Daniel Mill Suite 774 47798-4538 Beaumouth Minnesota,1,2022-07-05,comment,13,10000.00,Payed,Dispatched,2022-07-15 06:04:19,2022-07-15 06:04:19
132,13,Lebsack,Megan Acosta,+254 758 868779,5719 Klein Well Suite 21283814 New Bayleeborough Idaho,1,2022-07-05,comment,12,10000.00,Payed,Dispatched,2022-07-15 06:04:19,2022-07-15 06:04:19
133,12,Miller,Mariah Griffin,+254 718 409749,71232 Alisha Ports Suite 51514632 Emilyburgh Arizona,1,2022-07-05,comment,11,10000.00,Payed,Dispatched,2022-07-15 06:04:19,2022-07-15 06:04:19
134,11,Franecki - Abshire,Jordan Pierce,+254 120 111860,56815 Gleichner Road Suite 90334480 Gaylordstad California,1,2022-07-05,comment,10,10000.00,Payed,Dispatched,2022-07-15 06:04:19,2022-07-15 06:04:19
135,10,Nicolas,Beth King MD,+254 711 236032,518 Davis Tunnel Apt. 141 21743-0550 North Lilly Arkansas,1,2022-07-05,comment,9,10000.00,Payed,Dispatched,2022-07-15 06:04:19,2022-07-15 06:04:19
136,9,Gorczany Inc,Sarah Buckley,+254 783 979169,98638 Mosciski Cape Suite 57323241 Aufderharfort New York,1,2022-07-05,comment,8,10000.00,Payed,Dispatched,2022-07-15 06:04:19,2022-07-15 06:04:19
137,8,Kozey - Connelly,Ann Patterson,+254 124 155623,620 Hermann Parkway Apt. 166 19864-5810 Margiemouth South Carolina,1,2022-07-05,comment,7,10000.00,Payed,Dispatched,2022-07-15 06:04:19,2022-07-15 06:04:19
138,7,Considine and Sons,Jesse Hall,+254 768 996276,81368 Wilkinson Canyon Apt. 680 78186-1926 Port Tobyville Alabama,1,2022-07-05,comment,6,10000.00,Payed,Dispatched,2022-07-15 06:04:19,2022-07-15 06:04:19
139,6,Prohaska,Jacob Robinson,+254 110 356958,43301 Auer Highway Suite 70077637 Lake Jeramiestad Minnesota,1,2022-07-05,comment,5,10000.00,Payed,Dispatched,2022-07-15 06:04:19,2022-07-15 06:04:19
140,5,Moore - Kovacek,Christine Cruz,+254 749 047258,1848 White Lakes Apt. 503 59644-4389 Beulahland Tennessee,1,2022-07-05,comment,4,10000.00,Payed,Dispatched,2022-07-15 06:04:19,2022-07-15 06:04:19
141,4,Lynch,Wendy Simpson,+254 101 459641,75619 Dorian Meadow Apt. 649 57589-6269 Vedaview Connecticut,1,2022-05-07,csdcsdc,3,10000.00,Payment pending,Approval pending,2022-07-15 06:04:19,2022-07-15 06:04:19
142,3,Zemlak - Stark,David Gibson,+254 792 261806,7376 Crist Forge Suite 08526634 Lake Carmel Montana,1,2022-07-01,comment,1,10000.00,Payment pending,Approval pending,2022-07-15 06:04:19,2022-07-15 06:04:19
143,2,Jaskolski - Rogahn,Trevor Gomez,+254 124 619635,11314 Collins Plaza Suite 95619292 Ortizside Missouri,1,2022-07-06,,2,10000.00,Payment pending,Approval pending,2022-07-15 06:04:19,2022-07-15 06:04:19