Zemlak - Stark,
Jaskolski - Rogahn,
Lynch, Haag and Jaskolski,
Moore - Kovacek,
Prohaska, Bruen and Johnson,
Considine and Sons,
Kozey - Connelly,
Gorczany Inc,
Nicolas, Stamm and Wyman,
Franecki - Abshire,
Miller, Gulgowski and Mills,
Lebsack, Reichert and Schimmel,
Collier Inc,
Dicki - Swaniawski,
Wintheiser, Hegmann and Luettgen,
Zemlak Group,
Bayer and Sons,
Lehner, Dicki and Bruen,
Corkery, Schuppe and Johnston,
Daugherty, Homenick and Treutel,
Denesik, Nicolas and Rohan,
Kilback Inc,
Vandervort, Huel and Oberbrunner,
Bruen, Auer and Lakin,
Rau, Dooley and Kunde,
McCullough, Kling and Hackett,
Feeney - Witting,
Cartwright, Crona and Oberbrunner,
Little - Considine,
Mueller, Kihn and Doyle,
Goldner, Legros and Grant,
Abshire Group,
Stroman, Hegmann and Fritsch,
Mayer - Dooley,
Willms, Jakubowski and Jacobson,
Haag Inc,
Lubowitz and Sons,
Kub - Baumbach,
Marquardt, Jacobson and Jacobson,
Frami - O'Reilly,
Borer, Conroy and Hickle,
Stamm, Steuber and Bernhard,
Wisozk Inc,
Bahringer Inc,
Jacobs, Kreiger and Thompson,
Howell Group,
Gibson, Haley and Sanford,
MacGyver, Lynch and Hills,
Ankunding and Sons,
Becker, Rogahn and Kihn,
Mills Group,
Torp - Ryan,
Hirthe - Hermann,
Koepp - O'Hara,
Cummings Inc,
Beatty - Kuhn,
Schulist, Cremin and Crona,
Barrows - Hettinger,
Koch LLC,
Herman and Sons,
Yundt - Koelpin,
Rolfson, Windler and Koelpin,
Kuhic, Hilpert and Stroman,
Bahringer LLC,
Bednar, Rice and Batz,
Rutherford, Nienow and Hayes,
Feil - Erdman,
Brekke, Kilback and Reynolds,
Stanton - Auer,
Thiel - Kohler,
Hammes - Labadie,
Jones, Nikolaus and Littel,
West, Lowe and Kessler,
Gleichner - Treutel,
Brekke LLC,
Quitzon Group,
Block - Grimes,
Wolf and Sons,
Aufderhar - Daniel,
Kris Group,
Schamberger, Dickens and Streich,
Satterfield - Wilderman,
Klocko, Vandervort and Barton,
Reichert Inc,
Beer, Franecki and Nikolaus,
Lindgren LLC,
Kertzmann, Bins and Dickinson,
Bode, Cassin and Welch,
Mohr - Walker,
Schaefer - Leffler,
Johnston Group,
Wisozk and Sons,
Schroeder Inc,
Fritsch, Deckow and Wilderman,
Gulgowski Group,
Murray, Hirthe and Willms,
Gerhold Group,
Reynolds, Schmidt and Dooley,
Hessel - Thiel,
Yundt - Medhurst,
Braun Inc,
Wintheiser, Muller and Cronin,
Bednar, Schaefer and Renner,
Heidenreich, Stroman and Koepp,
Durgan Inc,
Hirthe - Frami,
Sawayn Inc,
Lang, Sauer and DuBuque,
Feeney, Macejkovic and Braun,
Dibbert - Schinner,
Collier Group,
Hoeger, Thompson and Marquardt,
Morissette Inc,
Langosh Inc,
Pouros - Casper,
Bayer, Pacocha and Reynolds,
Yundt and Sons,
Littel - Greenholt,
Nitzsche, Huel and Spinka,
Fay Inc,
Boyer - Simonis,
Sauer Group,
Kuhic, Halvorson and Collins,
Klocko - Wilkinson,
Kohler, Beer and Wunsch,
Jast Inc,
D'Amore - Gutkowski,
Kemmer LLC,
Corkery and Sons,
Abshire - Cartwright,
Powlowski and Sons,
Bradtke and Sons,
Gerhold Inc,
Barrows - Dach,
Aufderhar - Hackett,
Von - Kuvalis,
Little LLC,
Smith Inc,
Marks and Sons,
Welch, Kiehn and Luettgen,
Crist - Ernser,
Kshlerin and Sons,